"Reference","Qty","Value","DNP","Exclude from BOM","Exclude from Board","Footprint","Datasheet"
"C1","1","CIN","","","","Capacitor_SMD:C_1808_4520Metric","~"
"C2","1","BSTC","","","","Capacitor_SMD:C_1808_4520Metric","~"
"C3","1","COUT","","","","Capacitor_SMD:C_1808_4520Metric","~"
"L1","1","L","","","","Inductor_SMD:L_APV_ANR5020","~"
"R1","1","R","","","","Resistor_SMD:R_0603_1608Metric","~"
"R2","1","RFBB","","","","Resistor_SMD:R_0603_1608Metric","~"
"R3","1","RFBT","","","","Resistor_SMD:R_0603_1608Metric","~"
"TP1","1","10-35V Input","","","","Connector_Pin:Pin_D1.0mm_L10.0mm_LooseFit","~"
"TP2,TP4","2","GND","","","","Connector_Pin:Pin_D1.0mm_L10.0mm_LooseFit","~"
"TP3","1","7.6V Output","","","","Connector_Pin:Pin_D1.0mm_L10.0mm_LooseFit","~"
"U1","1","LMR51430","","","","Package_TO_SOT_SMD:SOT-23-6","https://www.ti.com/lit/ds/symlink/lmr51430.pdf"
